{
    "project": {},
    "files": {
        "auth.js": {
            "name": "auth.js",
            "modules": {},
            "classes": {
                "Auth": 1
            },
            "fors": {},
            "namespaces": {}
        },
        "branch.js": {
            "name": "branch.js",
            "modules": {},
            "classes": {},
            "fors": {},
            "namespaces": {}
        },
        "comment.js": {
            "name": "comment.js",
            "modules": {},
            "classes": {
                "Comments": 1
            },
            "fors": {},
            "namespaces": {}
        },
        "commits.js": {
            "name": "commits.js",
            "modules": {},
            "classes": {},
            "fors": {},
            "namespaces": {}
        },
        "date.js": {
            "name": "date.js",
            "modules": {},
            "classes": {},
            "fors": {},
            "namespaces": {}
        },
        "group.js": {
            "name": "group.js",
            "modules": {},
            "classes": {
                "Branch": 1
            },
            "fors": {},
            "namespaces": {}
        },
        "login.js": {
            "name": "login.js",
            "modules": {},
            "classes": {
                "Login": 1
            },
            "fors": {},
            "namespaces": {}
        },
        "messagebox.js": {
            "name": "messagebox.js",
            "modules": {},
            "classes": {
                "MessageBox": 1
            },
            "fors": {},
            "namespaces": {}
        },
        "progressbar.js": {
            "name": "progressbar.js",
            "modules": {},
            "classes": {
                "Progressbar": 1
            },
            "fors": {},
            "namespaces": {}
        },
        "repo.js": {
            "name": "repo.js",
            "modules": {},
            "classes": {
                "repo": 1
            },
            "fors": {},
            "namespaces": {}
        },
        "rest.js": {
            "name": "rest.js",
            "modules": {},
            "classes": {
                "RestUrl": 1
            },
            "fors": {},
            "namespaces": {}
        },
        "sidebar.js": {
            "name": "sidebar.js",
            "modules": {},
            "classes": {
                "Sidebar": 1
            },
            "fors": {},
            "namespaces": {}
        },
        "tabs.js": {
            "name": "tabs.js",
            "modules": {},
            "classes": {
                "Tabs": 1
            },
            "fors": {},
            "namespaces": {}
        },
        "tasks.js": {
            "name": "tasks.js",
            "modules": {},
            "classes": {
                "taskManager": 1
            },
            "fors": {},
            "namespaces": {}
        },
        "theme.js": {
            "name": "theme.js",
            "modules": {},
            "classes": {
                "Theme": 1
            },
            "fors": {},
            "namespaces": {}
        },
        "tooltips.js": {
            "name": "tooltips.js",
            "modules": {},
            "classes": {
                "Tooltips": 1
            },
            "fors": {},
            "namespaces": {}
        }
    },
    "modules": {},
    "classes": {
        "Auth": {
            "name": "Auth",
            "shortname": "Auth",
            "classitems": [],
            "plugins": [],
            "extensions": [],
            "plugin_for": [],
            "extension_for": [],
            "file": "auth.js",
            "line": 1,
            "description": "This class is used to classify users according to their role and direct them to corresponding control panel;"
        },
        "Branch": {
            "name": "Branch",
            "shortname": "Branch",
            "classitems": [],
            "plugins": [],
            "extensions": [],
            "plugin_for": [],
            "extension_for": [],
            "file": "group.js",
            "line": 1,
            "description": "This is the javascript class to manage groups;"
        },
        "Comments": {
            "name": "Comments",
            "shortname": "Comments",
            "classitems": [],
            "plugins": [],
            "extensions": [],
            "plugin_for": [],
            "extension_for": [],
            "file": "comment.js",
            "line": 1,
            "description": "This is the javascript class to manage Comments of users;"
        },
        "Login": {
            "name": "Login",
            "shortname": "Login",
            "classitems": [],
            "plugins": [],
            "extensions": [],
            "plugin_for": [],
            "extension_for": [],
            "file": "login.js",
            "line": 1,
            "description": "This is the javascript class to manage login function;"
        },
        "MessageBox": {
            "name": "MessageBox",
            "shortname": "MessageBox",
            "classitems": [],
            "plugins": [],
            "extensions": [],
            "plugin_for": [],
            "extension_for": [],
            "file": "messagebox.js",
            "line": 1,
            "description": "This is the javascript class to manage message dialog;"
        },
        "Progressbar": {
            "name": "Progressbar",
            "shortname": "Progressbar",
            "classitems": [],
            "plugins": [],
            "extensions": [],
            "plugin_for": [],
            "extension_for": [],
            "file": "progressbar.js",
            "line": 1,
            "description": "This is the javascript class to manage process animation bar;"
        },
        "repo": {
            "name": "repo",
            "shortname": "repo",
            "classitems": [],
            "plugins": [],
            "extensions": [],
            "plugin_for": [],
            "extension_for": [],
            "file": "repo.js",
            "line": 1,
            "description": "This is the javascript class to manage repository;"
        },
        "RestUrl": {
            "name": "RestUrl",
            "shortname": "RestUrl",
            "classitems": [],
            "plugins": [],
            "extensions": [],
            "plugin_for": [],
            "extension_for": [],
            "file": "rest.js",
            "line": 1,
            "description": "This is the javascript class to manage the rest url;"
        },
        "Sidebar": {
            "name": "Sidebar",
            "shortname": "Sidebar",
            "classitems": [],
            "plugins": [],
            "extensions": [],
            "plugin_for": [],
            "extension_for": [],
            "file": "sidebar.js",
            "line": 1,
            "description": "This is the javascript class to manage left navigation bar;"
        },
        "Tabs": {
            "name": "Tabs",
            "shortname": "Tabs",
            "classitems": [],
            "plugins": [],
            "extensions": [],
            "plugin_for": [],
            "extension_for": [],
            "file": "tabs.js",
            "line": 1,
            "description": "This is the javascript class to manage tabs;"
        },
        "taskManager": {
            "name": "taskManager",
            "shortname": "taskManager",
            "classitems": [],
            "plugins": [],
            "extensions": [],
            "plugin_for": [],
            "extension_for": [],
            "file": "tasks.js",
            "line": 1,
            "description": "This is the javascript class to manage tasks;"
        },
        "Theme": {
            "name": "Theme",
            "shortname": "Theme",
            "classitems": [],
            "plugins": [],
            "extensions": [],
            "plugin_for": [],
            "extension_for": [],
            "file": "theme.js",
            "line": 1,
            "description": "This method is to set the overall style of a page;"
        },
        "Tooltips": {
            "name": "Tooltips",
            "shortname": "Tooltips",
            "classitems": [],
            "plugins": [],
            "extensions": [],
            "plugin_for": [],
            "extension_for": [],
            "file": "tooltips.js",
            "line": 1,
            "description": "This is the method to generate the fading in and fading out tips for operation;"
        }
    },
    "classitems": [
        {
            "file": "auth.js",
            "line": 13,
            "description": "The method to get the user type from",
            "itemtype": "method",
            "name": "getAuth",
            "params": [
                {
                    "name": "username",
                    "description": "user account input",
                    "type": "String"
                },
                {
                    "name": "password",
                    "description": "the password input",
                    "type": "String"
                }
            ],
            "class": "Auth"
        },
        {
            "file": "branch.js",
            "line": 13,
            "description": "The method to get branch list from back-end.",
            "itemtype": "method",
            "name": "getBranches",
            "params": [
                {
                    "name": "username",
                    "description": "user account",
                    "type": "String"
                },
                {
                    "name": "accesskey",
                    "description": "a authorized token obtain from back-end",
                    "type": "String"
                },
                {
                    "name": "reponame",
                    "description": "the name of repository",
                    "type": "String"
                },
                {
                    "name": "branchname",
                    "description": "the name of branch to be load",
                    "type": "String"
                }
            ],
            "class": "Branch"
        },
        {
            "file": "branch.js",
            "line": 70,
            "description": "The method to load branch list to browser.",
            "itemtype": "method",
            "name": "Html",
            "class": "Branch"
        },
        {
            "file": "branch.js",
            "line": 130,
            "description": "Hide branch list from browser",
            "itemtype": "method",
            "name": "hidelist",
            "class": "Branch"
        },
        {
            "file": "branch.js",
            "line": 143,
            "description": "display branch list from browser",
            "itemtype": "method",
            "name": "showlist",
            "class": "Branch"
        },
        {
            "file": "branch.js",
            "line": 157,
            "description": "The method to create branch",
            "itemtype": "method",
            "name": "createBranch",
            "params": [
                {
                    "name": "username",
                    "description": "user account",
                    "type": "String"
                },
                {
                    "name": "accesskey",
                    "description": "a authorized token obtain from back-end",
                    "type": "String"
                },
                {
                    "name": "reponame",
                    "description": "the name of repository",
                    "type": "String"
                },
                {
                    "name": "branchname",
                    "description": "the name of branch to be created",
                    "type": "String"
                }
            ],
            "class": "Branch"
        },
        {
            "file": "comment.js",
            "line": 8,
            "description": "The method to create comment.",
            "itemtype": "method",
            "name": "getBranches",
            "params": [
                {
                    "name": "username",
                    "description": "user account",
                    "type": "String"
                },
                {
                    "name": "accesskey",
                    "description": "a authorized token obtain from back-end",
                    "type": "String"
                },
                {
                    "name": "reponame",
                    "description": "the name of repository  to be located",
                    "type": "String"
                },
                {
                    "name": "branch",
                    "description": "the name of branch to be located",
                    "type": "String"
                },
                {
                    "name": "sha",
                    "description": "the sha of commits to be located",
                    "type": "String"
                },
                {
                    "name": "row",
                    "description": "the row number of to be located",
                    "type": "String"
                },
                {
                    "name": "filePath",
                    "description": "the path of file to be located",
                    "type": "String"
                },
                {
                    "name": "pageId",
                    "description": "the id of page to be located",
                    "type": "String"
                }
            ],
            "class": "Comments"
        },
        {
            "file": "comment.js",
            "line": 42,
            "description": "The method to get comment number.",
            "itemtype": "method",
            "name": "getCommentNum",
            "params": [
                {
                    "name": "username",
                    "description": "user account",
                    "type": "String"
                },
                {
                    "name": "accesskey",
                    "description": "a authorized token obtain from back-end",
                    "type": "String"
                },
                {
                    "name": "reponame",
                    "description": "the name of repository",
                    "type": "String"
                },
                {
                    "name": "commitsha",
                    "description": "the sha of commit",
                    "type": "String"
                },
                {
                    "name": "filePath",
                    "description": "the path of file",
                    "type": "String"
                }
            ],
            "class": "Comments"
        },
        {
            "file": "comment.js",
            "line": 75,
            "description": "The method to get the comment list.",
            "itemtype": "method",
            "name": "getCommentList",
            "params": [
                {
                    "name": "username",
                    "description": "user account",
                    "type": "String"
                },
                {
                    "name": "accesskey",
                    "description": "a authorized token obtain from back-end",
                    "type": "String"
                },
                {
                    "name": "reponame",
                    "description": "the name of repository",
                    "type": "String"
                },
                {
                    "name": "branch",
                    "description": "the name of branch",
                    "type": "String"
                },
                {
                    "name": "sha",
                    "description": "the sha of comment",
                    "type": "String"
                },
                {
                    "name": "filePath",
                    "description": "the path of file",
                    "type": "String"
                },
                {
                    "name": "editorheight",
                    "description": "the height of editor",
                    "type": "String"
                },
                {
                    "name": "pageId",
                    "description": "the id of page",
                    "type": "String"
                }
            ],
            "class": "Comments"
        },
        {
            "file": "comment.js",
            "line": 131,
            "description": "The method to write values.",
            "itemtype": "method",
            "name": "writer",
            "params": [
                {
                    "name": "id",
                    "description": "write id recorded",
                    "type": "String"
                }
            ],
            "class": "Comments"
        },
        {
            "file": "comment.js",
            "line": 147,
            "description": "The method is to generate the json list.",
            "itemtype": "method",
            "name": "List",
            "class": "Comments"
        },
        {
            "file": "comment.js",
            "line": 174,
            "description": "The method is to generate the tab page",
            "itemtype": "method",
            "name": "Page",
            "class": "Comments"
        },
        {
            "file": "comment.js",
            "line": 202,
            "description": "The method is to combine the gutter",
            "itemtype": "method",
            "name": "bind",
            "params": [
                {
                    "name": "pageId",
                    "description": "pageId",
                    "type": "String"
                },
                {
                    "name": "editor",
                    "description": "editor",
                    "type": "String"
                }
            ],
            "class": "Comments"
        },
        {
            "file": "commits.js",
            "line": 102,
            "description": "The method is to generate the tab page",
            "itemtype": "method",
            "name": "Page",
            "class": "Branch"
        },
        {
            "file": "commits.js",
            "line": 112,
            "description": "The method is to refresh the page opened",
            "itemtype": "method",
            "name": "refresh",
            "class": "Branch"
        },
        {
            "file": "commits.js",
            "line": 129,
            "description": "The method is to revoke the method to get all the commits",
            "itemtype": "method",
            "name": "getCommits",
            "class": "Branch"
        },
        {
            "file": "commits.js",
            "line": 140,
            "description": "The method is to initiate the page",
            "itemtype": "method",
            "name": "InitialPage",
            "class": "Branch"
        },
        {
            "file": "commits.js",
            "line": 159,
            "description": "The method is to get all the commits",
            "itemtype": "method",
            "name": "generateCommitList",
            "class": "Branch"
        },
        {
            "file": "date.js",
            "line": 1,
            "description": "Version: 1.0 Alpha-1 \nBuild Date: 13-Nov-2007\nCopyright (c) 2006-2007, Coolite Inc. (http://www.coolite.com/). All rights reserved.\nLicense: Licensed under The MIT License. See license.txt and http://www.datejs.com/license/. \nWebsite: http://www.datejs.com/ or http://www.coolite.com/datejs/",
            "class": "Branch"
        },
        {
            "file": "group.js",
            "line": 11,
            "description": "The method to shown the dialog to create new group",
            "itemtype": "method",
            "name": "createGroupDialog",
            "class": "Branch"
        },
        {
            "file": "group.js",
            "line": 56,
            "description": "The method to show the group information",
            "itemtype": "method",
            "name": "displayGroupInfo",
            "class": "Branch"
        },
        {
            "file": "group.js",
            "line": 74,
            "description": "The method to create new group.",
            "itemtype": "method",
            "name": "CreateGroup",
            "params": [
                {
                    "name": "creategroupjson",
                    "description": "new group json string",
                    "type": "String"
                }
            ],
            "class": "Branch"
        },
        {
            "file": "group.js",
            "line": 141,
            "description": "The method to get group list.",
            "itemtype": "method",
            "name": "GetGroupList",
            "params": [
                {
                    "name": "username",
                    "description": "user account",
                    "type": "String"
                },
                {
                    "name": "accesskey",
                    "description": "a authorized token obtain from back-end",
                    "type": "String"
                },
                {
                    "name": "course",
                    "description": "the course",
                    "type": "String"
                },
                {
                    "name": "project",
                    "description": "the project of a course",
                    "type": "String"
                }
            ],
            "class": "Branch"
        },
        {
            "file": "group.js",
            "line": 212,
            "description": "The method to desplay the group memebers.",
            "itemtype": "method",
            "name": "displayMembers",
            "class": "Branch"
        },
        {
            "file": "login.js",
            "line": 37,
            "description": "The method to login using specified username and password.",
            "itemtype": "method",
            "name": "login",
            "params": [
                {
                    "name": "username",
                    "description": "user name",
                    "type": "String"
                },
                {
                    "name": "password",
                    "description": "password",
                    "type": "String"
                }
            ],
            "class": "Login"
        },
        {
            "file": "login.js",
            "line": 63,
            "description": "The method to display user information after logging in.",
            "itemtype": "method",
            "name": "displayUserInfo",
            "class": "Login"
        },
        {
            "file": "login.js",
            "line": 88,
            "description": "The method to logout",
            "itemtype": "method",
            "name": "forward",
            "params": [
                {
                    "name": "username",
                    "description": "user name",
                    "type": "String"
                },
                {
                    "name": "accesskey",
                    "description": "a authorized token obtain from back-end",
                    "type": "String"
                },
                {
                    "name": "role",
                    "description": "the user role",
                    "type": "String"
                }
            ],
            "class": "Login"
        },
        {
            "file": "messagebox.js",
            "line": 13,
            "description": "The method to show the message dialog.",
            "itemtype": "method",
            "name": "show",
            "params": [
                {
                    "name": "message",
                    "description": "user account",
                    "type": "String"
                },
                {
                    "name": "time",
                    "description": "animation waiting time",
                    "type": "String"
                },
                {
                    "name": "alert",
                    "description": "whether to alter the dialog",
                    "type": "String"
                }
            ],
            "class": "MessageBox"
        },
        {
            "file": "messagebox.js",
            "line": 35,
            "description": "The method to slide in the message.",
            "itemtype": "method",
            "name": "slideIn",
            "params": [
                {
                    "name": "message",
                    "description": "content to show",
                    "type": "String"
                }
            ],
            "class": "MessageBox"
        },
        {
            "file": "messagebox.js",
            "line": 50,
            "description": "The method to slide out the message.",
            "itemtype": "method",
            "name": "slideOut",
            "class": "MessageBox"
        },
        {
            "file": "messagebox.js",
            "line": 59,
            "description": "The method to stop the animation.",
            "itemtype": "method",
            "name": "complete",
            "class": "MessageBox"
        },
        {
            "file": "progressbar.js",
            "line": 9,
            "description": "The method to register element with the animation.",
            "itemtype": "method",
            "name": "register",
            "class": "Progressbar"
        },
        {
            "file": "progressbar.js",
            "line": 17,
            "description": "The method to show the animation.",
            "itemtype": "method",
            "name": "show",
            "params": [
                {
                    "name": "showmode",
                    "description": "whether to show the animation",
                    "type": "String"
                }
            ],
            "class": "Progressbar"
        },
        {
            "file": "progressbar.js",
            "line": 28,
            "description": "The method to stop the animation.",
            "itemtype": "method",
            "name": "complete",
            "class": "Progressbar"
        },
        {
            "file": "progressbar.js",
            "line": 37,
            "description": "The method to show content in specific page.",
            "itemtype": "method",
            "name": "inPageBarShow",
            "params": [
                {
                    "name": "pageId",
                    "description": "page id to show",
                    "type": "String"
                }
            ],
            "class": "Progressbar"
        },
        {
            "file": "progressbar.js",
            "line": 47,
            "description": "The method to stop the animation in loading content in specific page.",
            "itemtype": "method",
            "name": "inPageBarComplete",
            "params": [
                {
                    "name": "pageId",
                    "description": "page id shown",
                    "type": "String"
                }
            ],
            "class": "Progressbar"
        },
        {
            "file": "repo.js",
            "line": 19,
            "description": "The method to get the repository from back-end.",
            "itemtype": "method",
            "name": "getRepo",
            "params": [
                {
                    "name": "course",
                    "description": "course selected",
                    "type": "String"
                },
                {
                    "name": "project",
                    "description": "projected selected under the specified course",
                    "type": "String"
                }
            ],
            "class": "repo"
        },
        {
            "file": "repo.js",
            "line": 38,
            "description": "The method to receive the data returned from the back-end after calling the getRepo method.",
            "itemtype": "method",
            "name": "getRepoCallback",
            "params": [
                {
                    "name": "data",
                    "description": "the message that back-end returned",
                    "type": "String"
                }
            ],
            "class": "repo"
        },
        {
            "file": "repo.js",
            "line": 49,
            "description": "The method to generate the page content.",
            "itemtype": "method",
            "name": "Page",
            "class": "repo"
        },
        {
            "file": "repo.js",
            "line": 68,
            "description": "The method to load the root content.",
            "itemtype": "method",
            "name": "loadRoot",
            "class": "repo"
        },
        {
            "file": "repo.js",
            "line": 95,
            "description": "The method to receive the data returned from the back-end after calling the refresh page method.",
            "itemtype": "method",
            "name": "PageCallBack",
            "params": [
                {
                    "name": "data",
                    "description": "the message that back-end returned",
                    "type": "String"
                }
            ],
            "class": "repo"
        },
        {
            "file": "repo.js",
            "line": 108,
            "description": "The method to load the page content for the first time.",
            "itemtype": "method",
            "name": "initial_page",
            "class": "repo"
        },
        {
            "file": "repo.js",
            "line": 120,
            "description": "The method to refresh the pag content.",
            "itemtype": "method",
            "name": "PageCallBack",
            "params": [
                {
                    "name": "data",
                    "description": "the data that shown in the page",
                    "type": "String"
                }
            ],
            "class": "repo"
        },
        {
            "file": "repo.js",
            "line": 147,
            "description": "The method to create new folder.",
            "itemtype": "method",
            "name": "createFolder",
            "params": [
                {
                    "name": "path",
                    "description": "new folder path with its name at the end",
                    "type": "String"
                }
            ],
            "class": "repo"
        },
        {
            "file": "repo.js",
            "line": 162,
            "description": "The method to receive the message returned by the back end after revoking the function of create new folder.",
            "itemtype": "method",
            "name": "folderCallback",
            "class": "repo"
        },
        {
            "file": "repo.js",
            "line": 172,
            "description": "The method to create new folder.",
            "itemtype": "method",
            "name": "loadFolder",
            "params": [
                {
                    "name": "sha",
                    "description": "the sha of the folder",
                    "type": "String"
                },
                {
                    "name": "newPath",
                    "description": "folder path",
                    "type": "String"
                },
                {
                    "name": "newShas",
                    "description": "sub folder or files sha",
                    "type": "String"
                }
            ],
            "class": "repo"
        },
        {
            "file": "repo.js",
            "line": 194,
            "description": "The method to receive the message returned by the back end after revoking the function of open folder.",
            "itemtype": "method",
            "name": "openFolderCallback",
            "params": [
                {
                    "name": "data",
                    "description": "the message returned",
                    "type": "String"
                },
                {
                    "name": "parameters",
                    "description": "parameters to hold other parameters",
                    "type": "String"
                }
            ],
            "class": "repo"
        },
        {
            "file": "repo.js",
            "line": 218,
            "description": "The method to create the file list that have not been commited.",
            "itemtype": "method",
            "name": "saveUnCommitList",
            "class": "repo"
        },
        {
            "file": "repo.js",
            "line": 227,
            "description": "The method to show the file list that have not been commited.",
            "itemtype": "method",
            "name": "loadUnCommitList",
            "class": "repo"
        },
        {
            "file": "repo.js",
            "line": 236,
            "description": "The method to generate the file list",
            "itemtype": "method",
            "name": "generateFileList",
            "params": [
                {
                    "name": "data",
                    "description": "the file list information",
                    "type": "String"
                }
            ],
            "class": "repo"
        },
        {
            "file": "repo.js",
            "line": 289,
            "description": "The method to generate the navigation bar",
            "itemtype": "method",
            "name": "navigationBar",
            "class": "repo"
        },
        {
            "file": "repo.js",
            "line": 315,
            "description": "The method to link the navigation element to their target",
            "itemtype": "method",
            "name": "navigationLink",
            "class": "repo"
        },
        {
            "file": "repo.js",
            "line": 400,
            "description": "The method to classify the file type. e.g: file or folder",
            "itemtype": "method",
            "name": "codeLink",
            "class": "repo"
        },
        {
            "file": "repo.js",
            "line": 458,
            "description": "The method to show the files that have not been commited",
            "itemtype": "method",
            "name": "adduncommititem",
            "params": [
                {
                    "name": "item",
                    "description": "the files that have not been commited.",
                    "type": "String"
                }
            ],
            "class": "repo"
        },
        {
            "file": "repo.js",
            "line": 469,
            "description": "The method to link the files that have not been commited to their target.",
            "itemtype": "method",
            "name": "uncommitlistlink",
            "class": "repo"
        },
        {
            "file": "repo.js",
            "line": 531,
            "description": "The method to delete the files that have not been commited from the list.",
            "itemtype": "method",
            "name": "deleteuncommititem",
            "class": "repo"
        },
        {
            "file": "repo.js",
            "line": 544,
            "description": "The method to delete the file.",
            "itemtype": "method",
            "name": "deleteFile",
            "params": [
                {
                    "name": "username",
                    "description": "user account",
                    "type": "String"
                },
                {
                    "name": "accesskey",
                    "description": "a authorized token obtain from back-end",
                    "type": "String"
                },
                {
                    "name": "reponame",
                    "description": "the name of repository",
                    "type": "String"
                },
                {
                    "name": "branchname",
                    "description": "the name of branch to be load",
                    "type": "String"
                },
                {
                    "name": "filepath",
                    "description": "the file path",
                    "type": "String"
                },
                {
                    "name": "pageId",
                    "description": "the page id",
                    "type": "String"
                }
            ],
            "class": "repo"
        },
        {
            "file": "repo.js",
            "line": 570,
            "description": "The method to get file path with $$ prefix.",
            "itemtype": "method",
            "name": "getPath2",
            "class": "repo"
        },
        {
            "file": "repo.js",
            "line": 587,
            "description": "The method to get file path with / as prefix.",
            "itemtype": "method",
            "name": "getPath2",
            "class": "repo"
        },
        {
            "file": "repo.js",
            "line": 603,
            "description": "The method to commit files.",
            "itemtype": "method",
            "name": "commit",
            "params": [
                {
                    "name": "json",
                    "description": "uncommited file json",
                    "type": "String"
                },
                {
                    "name": "index",
                    "description": "index",
                    "type": "String"
                }
            ],
            "class": "repo"
        },
        {
            "file": "repo.js",
            "line": 622,
            "description": "The method to receive the message returned after revoking the function of commit files.",
            "itemtype": "method",
            "name": "commitCallback",
            "params": [
                {
                    "name": "data",
                    "description": "data used",
                    "type": "String"
                },
                {
                    "name": "parameters",
                    "description": "parameters used",
                    "type": "String"
                }
            ],
            "class": "repo"
        },
        {
            "file": "repo.js",
            "line": 637,
            "description": "The method to mark the files as committed ones",
            "itemtype": "method",
            "name": "markascommit",
            "params": [
                {
                    "name": "index",
                    "description": "the index of files have been committed",
                    "type": "String"
                }
            ],
            "class": "repo"
        },
        {
            "file": "rest.js",
            "line": 14,
            "description": "The method to stop the processing animation",
            "itemtype": "method",
            "name": "abort",
            "params": [
                {
                    "name": "abortprogressbar",
                    "description": "whether to stop the processing bar",
                    "type": "String"
                }
            ],
            "class": "RestUrl"
        },
        {
            "file": "rest.js",
            "line": 26,
            "description": "The method to stop the processing animation and refresh the page",
            "itemtype": "method",
            "name": "abort_refresh",
            "params": [
                {
                    "name": "page",
                    "description": "the page that needs refresh",
                    "type": "String"
                },
                {
                    "name": "abortprogressbar",
                    "description": "whether to stop the processing bar",
                    "type": "String"
                }
            ],
            "class": "RestUrl"
        },
        {
            "file": "sidebar.js",
            "line": 11,
            "description": "The method to insert new navigation element",
            "itemtype": "method",
            "name": "Insert",
            "params": [
                {
                    "name": "id",
                    "description": "navigation element id",
                    "type": "String"
                },
                {
                    "name": "name",
                    "description": "navigation element name",
                    "type": "String"
                }
            ],
            "class": "Sidebar"
        },
        {
            "file": "sidebar.js",
            "line": 23,
            "description": "The method to create first level navigation elements",
            "itemtype": "method",
            "name": "LevelOne",
            "class": "Sidebar"
        },
        {
            "file": "sidebar.js",
            "line": 39,
            "description": "The method to link the first level navigation elements to the corresponding data",
            "itemtype": "method",
            "name": "LinkLevelOne",
            "class": "Sidebar"
        },
        {
            "file": "sidebar.js",
            "line": 67,
            "description": "The method to create LevelTwo navigation elements",
            "itemtype": "method",
            "name": "LevelTwo",
            "class": "Sidebar"
        },
        {
            "file": "sidebar.js",
            "line": 90,
            "description": "The method to select an navigation element",
            "itemtype": "method",
            "name": "LinkLevelTwo",
            "parameter": "(String) item the element clicked",
            "class": "Sidebar"
        },
        {
            "file": "sidebar.js",
            "line": 104,
            "description": "The method to link the second level navigation elements to the corresponding data",
            "itemtype": "method",
            "name": "LinkLevelTwo",
            "class": "Sidebar"
        },
        {
            "file": "tabs.js",
            "line": 9,
            "description": "The method to create a new page in a tab",
            "itemtype": "method",
            "name": "createPage",
            "params": [
                {
                    "name": "id",
                    "description": "tab id",
                    "type": "String"
                },
                {
                    "name": "title",
                    "description": "tab title",
                    "type": "String"
                },
                {
                    "name": "content",
                    "description": "page content",
                    "type": "String"
                },
                {
                    "name": "removable",
                    "description": "whether the tab can be closed or not",
                    "type": "String"
                }
            ],
            "class": "Tabs"
        },
        {
            "file": "tabs.js",
            "line": 28,
            "description": "The method to select a tab to be shown",
            "itemtype": "method",
            "name": "Select",
            "params": [
                {
                    "name": "tabObj",
                    "description": "tab object",
                    "type": "String"
                }
            ],
            "class": "Tabs"
        },
        {
            "file": "tabs.js",
            "line": 59,
            "description": "The method to select the first tab to be shown",
            "itemtype": "method",
            "name": "SelectFirst",
            "class": "Tabs"
        },
        {
            "file": "tabs.js",
            "line": 68,
            "description": "The method to select the last tab to be shown",
            "itemtype": "method",
            "name": "SelectLast",
            "class": "Tabs"
        },
        {
            "file": "tabs.js",
            "line": 77,
            "description": "The method to insert a tab",
            "itemtype": "method",
            "name": "Insert",
            "params": [
                {
                    "name": "title",
                    "description": "tab title",
                    "type": "String"
                },
                {
                    "name": "content",
                    "description": "page content",
                    "type": "String"
                },
                {
                    "name": "removable",
                    "description": "whether the tab can be closed or not",
                    "type": "String"
                }
            ],
            "class": "Tabs"
        },
        {
            "file": "tabs.js",
            "line": 97,
            "description": "The method to append extra page content to a tab",
            "itemtype": "method",
            "name": "append",
            "params": [
                {
                    "name": "pageId",
                    "description": "page id to append",
                    "type": "String"
                },
                {
                    "name": "content",
                    "description": "page content",
                    "type": "String"
                },
                {
                    "name": "marginTop",
                    "description": "set the top margin",
                    "type": "String"
                }
            ],
            "class": "Tabs"
        },
        {
            "file": "tabs.js",
            "line": 109,
            "description": "The method to hide the last tab object",
            "itemtype": "method",
            "name": "HideLast",
            "class": "Tabs"
        },
        {
            "file": "tabs.js",
            "line": 120,
            "description": "The method to remove the tab",
            "itemtype": "method",
            "name": "Remove",
            "params": [
                {
                    "name": "tabId",
                    "description": "tab id to remove",
                    "type": "String"
                }
            ],
            "class": "Tabs"
        },
        {
            "file": "tabs.js",
            "line": 142,
            "description": "The method to highlight the page",
            "itemtype": "method",
            "name": "highlight",
            "params": [
                {
                    "name": "pageId",
                    "description": "the page id to highlight",
                    "type": "String"
                }
            ],
            "class": "Tabs"
        },
        {
            "file": "tabs.js",
            "line": 162,
            "description": "The method to remove all the tabs",
            "itemtype": "method",
            "name": "RemoveAll",
            "class": "Tabs"
        },
        {
            "file": "tasks.js",
            "line": 9,
            "description": "The method to abort task.",
            "itemtype": "method",
            "name": "abort",
            "params": [
                {
                    "name": "PID",
                    "description": "task id",
                    "type": "String"
                }
            ],
            "class": "taskManager"
        },
        {
            "file": "tasks.js",
            "line": 19,
            "description": "The method to get PID of task.",
            "itemtype": "method",
            "name": "makeCall",
            "params": [
                {
                    "name": "type",
                    "description": "rest type",
                    "type": "String"
                },
                {
                    "name": "url",
                    "description": "the url to call rest",
                    "type": "String"
                },
                {
                    "name": "send",
                    "description": "data to transfer",
                    "type": "String"
                },
                {
                    "name": "success",
                    "description": "branch to execute when success",
                    "type": "String"
                },
                {
                    "name": "parameters",
                    "description": "data returned with parameters",
                    "type": "String"
                }
            ],
            "class": "taskManager"
        },
        {
            "file": "tasks.js",
            "line": 43,
            "description": "The method to get PID of file text.",
            "itemtype": "method",
            "name": "getText",
            "params": [
                {
                    "name": "type",
                    "description": "rest type",
                    "type": "String"
                },
                {
                    "name": "url",
                    "description": "the url to call rest",
                    "type": "String"
                },
                {
                    "name": "send",
                    "description": "data to transfer",
                    "type": "String"
                },
                {
                    "name": "success",
                    "description": "branch to execute when success",
                    "type": "String"
                },
                {
                    "name": "parameters",
                    "description": "data returned with parameters",
                    "type": "String"
                }
            ],
            "class": "taskManager"
        },
        {
            "file": "tasks.js",
            "line": 72,
            "description": "The method to set the status code in error.",
            "itemtype": "method",
            "name": "settings",
            "class": "taskManager"
        },
        {
            "file": "theme.js",
            "line": 17,
            "description": "The method to set the page width.",
            "itemtype": "method",
            "name": "Width",
            "class": "Theme"
        },
        {
            "file": "theme.js",
            "line": 38,
            "description": "The method to set the fade in effect.",
            "itemtype": "method",
            "name": "sidebarIn",
            "class": "Theme"
        },
        {
            "file": "theme.js",
            "line": 51,
            "description": "The method to set the side bar out effect.",
            "itemtype": "method",
            "name": "sidebarOut",
            "class": "Theme"
        },
        {
            "file": "theme.js",
            "line": 67,
            "description": "The method to highlight the page.",
            "itemtype": "method",
            "name": "heighlightpage",
            "class": "Theme"
        },
        {
            "file": "tooltips.js",
            "line": 11,
            "description": "The method to show the tip for specific element.",
            "itemtype": "method",
            "name": "show",
            "params": [
                {
                    "name": "element",
                    "description": "element to use tip",
                    "type": "String"
                },
                {
                    "name": "content",
                    "description": "tip content",
                    "type": "String"
                }
            ],
            "class": "Tooltips"
        },
        {
            "file": "tooltips.js",
            "line": 35,
            "description": "The method to hide the tip",
            "itemtype": "method",
            "name": "hide",
            "class": "Tooltips"
        }
    ]
}